metric,mean_value
age,47.94230769230769
fever,0.3192307692307692
oxygen_saturation,95.48846153846154
heart_rate,82.43461538461538
pain_level,5.576923076923077
symptom_days,6.176923076923077
chronic_condition,0.25769230769230766
